pdf_url	origin_url
https://music.rice.edu/sites/default/files/2020-11/String_Quartet_%20Supplement.pdf	https://music.rice.edu/admissions/graduate/audition/master-music-string-quartet
https://music.rice.edu/sites/default/files/2020-07/LetterGradRec.pdf	https://music.rice.edu/admissions/graduate/graduate-application/doctor-musical-arts-checklist-and-application-fall-2026
https://music.rice.edu/sites/default/files/2022-10/ParticipationagreementSSM.pdf	https://music.rice.edu/admissions/undergraduate/audition/bachelor-music-bassoon-performance
https://music.rice.edu/sites/default/files/2022-10/ParticipationagreementSSM.pdf	https://music.rice.edu/admissions/undergraduate/audition/bachelor-music-cello-performance
https://music.rice.edu/sites/default/files/2022-10/ParticipationagreementSSM.pdf	https://music.rice.edu/admissions/undergraduate/audition/bachelor-music-clarinet-performance
https://music.rice.edu/sites/default/files/2022-10/ParticipationagreementSSM.pdf	https://music.rice.edu/admissions/undergraduate/audition/bachelor-music-composition
https://music.rice.edu/sites/default/files/2022-10/ParticipationagreementSSM.pdf	https://music.rice.edu/admissions/undergraduate/audition/bachelor-music-double-bass-performance
https://music.rice.edu/sites/default/files/2022-10/ParticipationagreementSSM.pdf	https://music.rice.edu/admissions/undergraduate/audition/bachelor-music-flute-performance
https://music.rice.edu/sites/default/files/2022-10/ParticipationagreementSSM.pdf	https://music.rice.edu/admissions/undergraduate/audition/bachelor-music-harp-performance
https://music.rice.edu/sites/default/files/2022-10/ParticipationagreementSSM.pdf	https://music.rice.edu/admissions/undergraduate/audition/bachelor-music-horn-performance
https://music.rice.edu/sites/default/files/2022-10/ParticipationagreementSSM.pdf	https://music.rice.edu/admissions/undergraduate/audition/bachelor-music-music-history
https://music.rice.edu/sites/default/files/2022-10/ParticipationagreementSSM.pdf	https://music.rice.edu/admissions/undergraduate/audition/bachelor-music-oboe-performance
https://music.rice.edu/sites/default/files/2022-10/ParticipationagreementSSM.pdf	https://music.rice.edu/admissions/undergraduate/audition/bachelor-music-organ-performance
https://music.rice.edu/sites/default/files/2022-10/ParticipationagreementSSM.pdf	https://music.rice.edu/admissions/undergraduate/audition/bachelor-music-percussion-performance
https://music.rice.edu/sites/default/files/2022-10/ParticipationagreementSSM.pdf	https://music.rice.edu/admissions/undergraduate/audition/bachelor-music-piano-performance
https://music.rice.edu/sites/default/files/2022-10/ParticipationagreementSSM.pdf	https://music.rice.edu/admissions/undergraduate/audition/bachelor-music-trombone-performance
https://music.rice.edu/sites/default/files/2022-10/ParticipationagreementSSM.pdf	https://music.rice.edu/admissions/undergraduate/audition/bachelor-music-trumpet-performance
https://music.rice.edu/sites/default/files/2022-10/ParticipationagreementSSM.pdf	https://music.rice.edu/admissions/undergraduate/audition/bachelor-music-tuba-performance
https://music.rice.edu/sites/default/files/2022-10/ParticipationagreementSSM.pdf	https://music.rice.edu/admissions/undergraduate/audition/bachelor-music-viola-performance
https://music.rice.edu/sites/default/files/2022-10/ParticipationagreementSSM.pdf	https://music.rice.edu/admissions/undergraduate/audition/bachelor-music-violin-performance
https://music.rice.edu/sites/default/files/2022-10/ParticipationagreementSSM.pdf	https://music.rice.edu/admissions/undergraduate/audition/bachelor-music-vocal-performance
https://music.usc.edu/wp-content/uploads/2025/07/Current-USC-students-Grad-app-instructions-20263.pdf	https://music.usc.edu/admission/appreqs/choral-and-sacred-music-graduate/
https://music.usc.edu/wp-content/uploads/2025/07/USC-Waiver-and-Release-of-Liability-Form-USC-Rev.07.23.25.pdf	https://music.usc.edu/admission/appreqs/choral-and-sacred-music-graduate/
https://music.usc.edu/wp-content/uploads/2025/10/TSOM-SlideRoom-Tech-Troubleshooting-Tips-Fall-2026.pdf	https://music.usc.edu/admission/appreqs/choral-and-sacred-music-graduate/
https://music.usc.edu/wp-content/uploads/2025/07/USC-Waiver-and-Release-of-Liability-Form-USC-Rev.07.23.25.pdf	https://music.usc.edu/admission/appreqs/choral-and-sacred-music-undergraduate/
https://music.usc.edu/wp-content/uploads/2025/10/TSOM-SlideRoom-Tech-Troubleshooting-Tips-Fall-2026.pdf	https://music.usc.edu/admission/appreqs/choral-and-sacred-music-undergraduate/
https://music.usc.edu/wp-content/uploads/2025/07/Current-USC-students-Grad-app-instructions-20263.pdf	https://music.usc.edu/admission/appreqs/classical-guitar-graduate/
https://music.usc.edu/wp-content/uploads/2025/07/USC-Waiver-and-Release-of-Liability-Form-USC-Rev.07.23.25.pdf	https://music.usc.edu/admission/appreqs/classical-guitar-graduate/
https://music.usc.edu/wp-content/uploads/2025/10/TSOM-SlideRoom-Tech-Troubleshooting-Tips-Fall-2026.pdf	https://music.usc.edu/admission/appreqs/classical-guitar-graduate/
https://music.usc.edu/wp-content/uploads/2025/07/USC-Waiver-and-Release-of-Liability-Form-USC-Rev.07.23.25.pdf	https://music.usc.edu/admission/appreqs/classical-guitar-undergraduate/
https://music.usc.edu/wp-content/uploads/2025/10/TSOM-SlideRoom-Tech-Troubleshooting-Tips-Fall-2026.pdf	https://music.usc.edu/admission/appreqs/classical-guitar-undergraduate/
https://music.usc.edu/wp-content/uploads/2025/07/Current-USC-students-Grad-app-instructions-20263.pdf	https://music.usc.edu/admission/appreqs/composition-graduate/
https://music.usc.edu/wp-content/uploads/2025/07/USC-Waiver-and-Release-of-Liability-Form-USC-Rev.07.23.25.pdf	https://music.usc.edu/admission/appreqs/composition-graduate/
https://music.usc.edu/wp-content/uploads/2025/10/TSOM-SlideRoom-Tech-Troubleshooting-Tips-Fall-2026.pdf	https://music.usc.edu/admission/appreqs/composition-graduate/
https://music.usc.edu/wp-content/uploads/2025/07/USC-Waiver-and-Release-of-Liability-Form-USC-Rev.07.23.25.pdf	https://music.usc.edu/admission/appreqs/composition-undergraduate/
https://music.usc.edu/wp-content/uploads/2025/10/TSOM-SlideRoom-Tech-Troubleshooting-Tips-Fall-2026.pdf	https://music.usc.edu/admission/appreqs/composition-undergraduate/
https://music.usc.edu/wp-content/uploads/2025/07/Current-USC-students-Grad-app-instructions-20263.pdf	https://music.usc.edu/admission/appreqs/jazz-studies-graduate/
https://music.usc.edu/wp-content/uploads/2025/07/USC-Waiver-and-Release-of-Liability-Form-USC-Rev.07.23.25.pdf	https://music.usc.edu/admission/appreqs/jazz-studies-graduate/
https://music.usc.edu/wp-content/uploads/2025/10/TSOM-SlideRoom-Tech-Troubleshooting-Tips-Fall-2026.pdf	https://music.usc.edu/admission/appreqs/jazz-studies-graduate/
https://music.usc.edu/wp-content/uploads/2025/07/USC-Waiver-and-Release-of-Liability-Form-USC-Rev.07.23.25.pdf	https://music.usc.edu/admission/appreqs/jazz-studies-undergraduate/
https://music.usc.edu/wp-content/uploads/2025/10/TSOM-SlideRoom-Tech-Troubleshooting-Tips-Fall-2026.pdf	https://music.usc.edu/admission/appreqs/jazz-studies-undergraduate/
https://music.usc.edu/files/2021/07/KCA-List-of-Suggested-Repertoire-by-BIPOC-and-other-marginalized-composers.pdf	https://music.usc.edu/admission/appreqs/keyboard-collaborative-arts-graduate/
https://music.usc.edu/wp-content/uploads/2025/07/Current-USC-students-Grad-app-instructions-20263.pdf	https://music.usc.edu/admission/appreqs/keyboard-collaborative-arts-graduate/
https://music.usc.edu/wp-content/uploads/2025/07/USC-Waiver-and-Release-of-Liability-Form-USC-Rev.07.23.25.pdf	https://music.usc.edu/admission/appreqs/keyboard-collaborative-arts-graduate/
https://music.usc.edu/wp-content/uploads/2025/10/TSOM-SlideRoom-Tech-Troubleshooting-Tips-Fall-2026.pdf	https://music.usc.edu/admission/appreqs/keyboard-collaborative-arts-graduate/
https://music.usc.edu/files/2020/09/Solo-and-Collaborative-Piano-Music-by-Composers-of-African-Descent-and-Women.pdf	https://music.usc.edu/admission/appreqs/keyboard-studies-graduate/
https://music.usc.edu/wp-content/uploads/2025/07/Current-USC-students-Grad-app-instructions-20263.pdf	https://music.usc.edu/admission/appreqs/keyboard-studies-graduate/
https://music.usc.edu/wp-content/uploads/2025/07/USC-Waiver-and-Release-of-Liability-Form-USC-Rev.07.23.25.pdf	https://music.usc.edu/admission/appreqs/keyboard-studies-graduate/
https://music.usc.edu/wp-content/uploads/2025/10/TSOM-SlideRoom-Tech-Troubleshooting-Tips-Fall-2026.pdf	https://music.usc.edu/admission/appreqs/keyboard-studies-graduate/
https://music.usc.edu/files/2020/09/Solo-and-Collaborative-Piano-Music-by-Composers-of-African-Descent-and-Women.pdf	https://music.usc.edu/admission/appreqs/keyboard-studies-undergraduate/
https://music.usc.edu/wp-content/uploads/2025/07/USC-Waiver-and-Release-of-Liability-Form-USC-Rev.07.23.25.pdf	https://music.usc.edu/admission/appreqs/keyboard-studies-undergraduate/
https://music.usc.edu/wp-content/uploads/2025/10/TSOM-SlideRoom-Tech-Troubleshooting-Tips-Fall-2026.pdf	https://music.usc.edu/admission/appreqs/keyboard-studies-undergraduate/
https://music.usc.edu/wp-content/uploads/2025/07/Current-USC-students-Grad-app-instructions-20263.pdf	https://music.usc.edu/admission/appreqs/music-teaching-and-learning-graduate/
https://music.usc.edu/wp-content/uploads/2025/07/USC-Waiver-and-Release-of-Liability-Form-USC-Rev.07.23.25.pdf	https://music.usc.edu/admission/appreqs/music-teaching-and-learning-graduate/
https://music.usc.edu/wp-content/uploads/2025/10/TSOM-SlideRoom-Tech-Troubleshooting-Tips-Fall-2026.pdf	https://music.usc.edu/admission/appreqs/music-teaching-and-learning-graduate/
https://music.usc.edu/wp-content/uploads/2025/07/Current-USC-students-Grad-app-instructions-20263.pdf	https://music.usc.edu/admission/appreqs/organ-studies-graduate/
https://music.usc.edu/wp-content/uploads/2025/07/USC-Waiver-and-Release-of-Liability-Form-USC-Rev.07.23.25.pdf	https://music.usc.edu/admission/appreqs/organ-studies-graduate/
https://music.usc.edu/wp-content/uploads/2025/10/TSOM-SlideRoom-Tech-Troubleshooting-Tips-Fall-2026.pdf	https://music.usc.edu/admission/appreqs/organ-studies-graduate/
https://music.usc.edu/wp-content/uploads/2025/07/USC-Waiver-and-Release-of-Liability-Form-USC-Rev.07.23.25.pdf	https://music.usc.edu/admission/appreqs/organ-studies-undergraduate/
https://music.usc.edu/wp-content/uploads/2025/10/TSOM-SlideRoom-Tech-Troubleshooting-Tips-Fall-2026.pdf	https://music.usc.edu/admission/appreqs/organ-studies-undergraduate/
https://music.usc.edu/wp-content/uploads/2025/07/Current-USC-students-Grad-app-instructions-20263.pdf	https://music.usc.edu/admission/appreqs/percussion-graduate/
https://music.usc.edu/wp-content/uploads/2025/07/USC-Waiver-and-Release-of-Liability-Form-USC-Rev.07.23.25.pdf	https://music.usc.edu/admission/appreqs/percussion-graduate/
https://music.usc.edu/wp-content/uploads/2025/10/TSOM-SlideRoom-Tech-Troubleshooting-Tips-Fall-2026.pdf	https://music.usc.edu/admission/appreqs/percussion-graduate/
https://music.usc.edu/wp-content/uploads/2025/07/USC-Waiver-and-Release-of-Liability-Form-USC-Rev.07.23.25.pdf	https://music.usc.edu/admission/appreqs/percussion-undergraduate/
https://music.usc.edu/wp-content/uploads/2025/10/TSOM-SlideRoom-Tech-Troubleshooting-Tips-Fall-2026.pdf	https://music.usc.edu/admission/appreqs/percussion-undergraduate/
https://music.usc.edu/wp-content/uploads/2024/07/DCM-Minimum-Tech-Recommendations-SCOR-Students-2024.pdf	https://music.usc.edu/admission/appreqs/screen-scoring-graduate/
https://music.usc.edu/wp-content/uploads/2025/07/Current-USC-students-Grad-app-instructions-20263.pdf	https://music.usc.edu/admission/appreqs/screen-scoring-graduate/
https://music.usc.edu/wp-content/uploads/2025/07/USC-Waiver-and-Release-of-Liability-Form-USC-Rev.07.23.25.pdf	https://music.usc.edu/admission/appreqs/screen-scoring-graduate/
https://music.usc.edu/wp-content/uploads/2025/10/TSOM-SlideRoom-Tech-Troubleshooting-Tips-Fall-2026.pdf	https://music.usc.edu/admission/appreqs/screen-scoring-graduate/
https://music.usc.edu/files/2020/08/Strings-and-Chamber-Repertoire-by-BIPOC-Composers.pdf	https://music.usc.edu/admission/appreqs/strings-graduate/
https://music.usc.edu/wp-content/uploads/2023/07/Current-USC-students-Grad-app-instructions-2023-2024.pdf	https://music.usc.edu/admission/appreqs/strings-graduate/
https://music.usc.edu/wp-content/uploads/2025/07/Current-USC-students-Grad-app-instructions-20263.pdf	https://music.usc.edu/admission/appreqs/strings-graduate/
https://music.usc.edu/wp-content/uploads/2025/07/USC-Waiver-and-Release-of-Liability-Form-USC-Rev.07.23.25.pdf	https://music.usc.edu/admission/appreqs/strings-graduate/
https://music.usc.edu/wp-content/uploads/2025/10/TSOM-SlideRoom-Tech-Troubleshooting-Tips-Fall-2026.pdf	https://music.usc.edu/admission/appreqs/strings-graduate/
https://music.usc.edu/files/2020/08/Strings-and-Chamber-Repertoire-by-BIPOC-Composers.pdf	https://music.usc.edu/admission/appreqs/strings-undergraduate/
https://music.usc.edu/wp-content/uploads/2025/07/USC-Waiver-and-Release-of-Liability-Form-USC-Rev.07.23.25.pdf	https://music.usc.edu/admission/appreqs/strings-undergraduate/
https://music.usc.edu/wp-content/uploads/2025/10/TSOM-SlideRoom-Tech-Troubleshooting-Tips-Fall-2026.pdf	https://music.usc.edu/admission/appreqs/strings-undergraduate/
https://music.usc.edu/wp-content/uploads/2025/07/Current-USC-students-Grad-app-instructions-20263.pdf	https://music.usc.edu/admission/appreqs/vocal-arts-graduate/
https://music.usc.edu/wp-content/uploads/2025/07/USC-Waiver-and-Release-of-Liability-Form-USC-Rev.07.23.25.pdf	https://music.usc.edu/admission/appreqs/vocal-arts-graduate/
https://music.usc.edu/wp-content/uploads/2025/10/TSOM-SlideRoom-Tech-Troubleshooting-Tips-Fall-2026.pdf	https://music.usc.edu/admission/appreqs/vocal-arts-graduate/
https://music.usc.edu/wp-content/uploads/2025/07/USC-Waiver-and-Release-of-Liability-Form-USC-Rev.07.23.25.pdf	https://music.usc.edu/admission/appreqs/vocal-arts-undergraduate/
https://music.usc.edu/wp-content/uploads/2025/10/TSOM-SlideRoom-Tech-Troubleshooting-Tips-Fall-2026.pdf	https://music.usc.edu/admission/appreqs/vocal-arts-undergraduate/
https://music.usc.edu/wp-content/uploads/2025/07/Current-USC-students-Grad-app-instructions-20263.pdf	https://music.usc.edu/admission/appreqs/woodwinds-and-brass-graduate/
https://music.usc.edu/wp-content/uploads/2025/07/USC-Waiver-and-Release-of-Liability-Form-USC-Rev.07.23.25.pdf	https://music.usc.edu/admission/appreqs/woodwinds-and-brass-graduate/
https://music.usc.edu/wp-content/uploads/2025/10/TSOM-SlideRoom-Tech-Troubleshooting-Tips-Fall-2026.pdf	https://music.usc.edu/admission/appreqs/woodwinds-and-brass-graduate/
https://music.usc.edu/wp-content/uploads/2025/07/USC-Waiver-and-Release-of-Liability-Form-USC-Rev.07.23.25.pdf	https://music.usc.edu/admission/appreqs/woodwinds-and-brass-undergraduate/
https://music.usc.edu/wp-content/uploads/2025/10/TSOM-SlideRoom-Tech-Troubleshooting-Tips-Fall-2026.pdf	https://music.usc.edu/admission/appreqs/woodwinds-and-brass-undergraduate/
https://music.usc.edu/wp-content/uploads/2025/07/Current-USC-students-Grad-app-instructions-20263.pdf	https://music.usc.edu/admission/deadlines/
https://music.usc.edu/wp-content/uploads/2017/09/RequirementList_Minor_Jazz_2014-16.pdf	https://music.usc.edu/students/requirement-lists-courses-plans/
https://music.usc.edu/wp-content/uploads/2017/09/RequirementList_Minor_Jazz_2017-18.pdf	https://music.usc.edu/students/requirement-lists-courses-plans/
https://music.usc.edu/wp-content/uploads/2017/09/RequirementList_Minor_MusicIndustry_2015-16.pdf	https://music.usc.edu/students/requirement-lists-courses-plans/
https://music.usc.edu/wp-content/uploads/2017/09/RequirementList_Minor_MusicIndustry_2016-17.pdf	https://music.usc.edu/students/requirement-lists-courses-plans/
https://music.usc.edu/wp-content/uploads/2017/09/RequirementList_Minor_MusicIndustry_2017-18.pdf	https://music.usc.edu/students/requirement-lists-courses-plans/
https://music.usc.edu/wp-content/uploads/2017/09/RequirementList_Minor_MusicProduction_2015-16.pdf	https://music.usc.edu/students/requirement-lists-courses-plans/
https://music.usc.edu/wp-content/uploads/2017/09/RequirementList_Minor_MusicProduction_2016-17.pdf	https://music.usc.edu/students/requirement-lists-courses-plans/
https://music.usc.edu/wp-content/uploads/2017/09/RequirementList_Minor_MusicProduction_2017-18.pdf	https://music.usc.edu/students/requirement-lists-courses-plans/
https://music.usc.edu/wp-content/uploads/2017/09/RequirementList_Minor_MusicRecording_2015-16.pdf	https://music.usc.edu/students/requirement-lists-courses-plans/
https://music.usc.edu/wp-content/uploads/2017/09/RequirementList_Minor_MusicRecording_2016-17.pdf	https://music.usc.edu/students/requirement-lists-courses-plans/
https://music.usc.edu/wp-content/uploads/2017/09/RequirementList_Minor_MusicRecording_2017-18.pdf	https://music.usc.edu/students/requirement-lists-courses-plans/
https://music.usc.edu/wp-content/uploads/2017/09/RequirementList_Minor_MusicalStudies_2014-16.pdf	https://music.usc.edu/students/requirement-lists-courses-plans/
https://music.usc.edu/wp-content/uploads/2017/09/RequirementList_Minor_MusicalStudies_2017-18.pdf	https://music.usc.edu/students/requirement-lists-courses-plans/
https://music.usc.edu/wp-content/uploads/2017/09/RequirementList_Minor_MusicalTheatre_2017-18.pdf	https://music.usc.edu/students/requirement-lists-courses-plans/
https://music.usc.edu/wp-content/uploads/2017/09/RequirementList_Minor_MusicalTheatre_NonMusicMajors_2014-16.pdf	https://music.usc.edu/students/requirement-lists-courses-plans/
https://music.usc.edu/wp-content/uploads/2017/09/RequirementList_Minor_MusicalTheatre_NonVocalArts_2014-16.pdf	https://music.usc.edu/students/requirement-lists-courses-plans/
https://music.usc.edu/wp-content/uploads/2017/09/RequirementList_Minor_MusicalTheatre_VocalArts_2014-16.pdf	https://music.usc.edu/students/requirement-lists-courses-plans/
https://music.usc.edu/wp-content/uploads/2017/09/RequirementList_Minor_PopularMusic_2015-16.pdf	https://music.usc.edu/students/requirement-lists-courses-plans/
https://music.usc.edu/wp-content/uploads/2017/09/RequirementList_Minor_PopularMusic_2016-17.pdf	https://music.usc.edu/students/requirement-lists-courses-plans/
https://music.usc.edu/wp-content/uploads/2017/09/RequirementList_Minor_PopularMusic_2017-18.pdf	https://music.usc.edu/students/requirement-lists-courses-plans/
https://music.usc.edu/wp-content/uploads/2017/09/RequirementList_Minor_Songwriting_2015-16.pdf	https://music.usc.edu/students/requirement-lists-courses-plans/
https://music.usc.edu/wp-content/uploads/2017/09/RequirementList_Minor_Songwriting_2016-17.pdf	https://music.usc.edu/students/requirement-lists-courses-plans/
https://music.usc.edu/wp-content/uploads/2017/09/RequirementList_Minor_Songwriting_2017-18.pdf	https://music.usc.edu/students/requirement-lists-courses-plans/
https://music.usc.edu/wp-content/uploads/2020/07/MM-MSCR-Req-List-20203.pdf	https://music.usc.edu/students/requirement-lists-courses-plans/
https://music.usc.edu/wp-content/uploads/2020/07/MM-MTCM-Req-List-20203.pdf	https://music.usc.edu/students/requirement-lists-courses-plans/
https://music.usc.edu/wp-content/uploads/2022/07/MM-MPOR-Req.-List-20223.pdf	https://music.usc.edu/students/requirement-lists-courses-plans/
https://music.usc.edu/wp-content/uploads/2022/09/BM-MPOR-4-year-plan-20223.pdf	https://music.usc.edu/students/requirement-lists-courses-plans/
https://music.usc.edu/wp-content/uploads/2022/09/BM-Organ-Req.-List-223.pdf	https://music.usc.edu/students/requirement-lists-courses-plans/
https://music.usc.edu/wp-content/uploads/2023/07/BM-Double-Bass-Req.-List-233.pdf	https://music.usc.edu/students/requirement-lists-courses-plans/
https://music.usc.edu/wp-content/uploads/2023/07/BM-Harp-Req.-List-233.pdf	https://music.usc.edu/students/requirement-lists-courses-plans/
https://music.usc.edu/wp-content/uploads/2023/07/BM-Jazz-4-year-plan-20233.pdf	https://music.usc.edu/students/requirement-lists-courses-plans/
https://music.usc.edu/wp-content/uploads/2023/07/BM-Jazz-Guitar-Req.-List-233.pdf	https://music.usc.edu/students/requirement-lists-courses-plans/
https://music.usc.edu/wp-content/uploads/2023/07/BM-Jazz-Req.-List-233.pdf	https://music.usc.edu/students/requirement-lists-courses-plans/
https://music.usc.edu/wp-content/uploads/2023/07/BM-Jazz-Voice-4-year-plan-ODD-20233.pdf	https://music.usc.edu/students/requirement-lists-courses-plans/
https://music.usc.edu/wp-content/uploads/2023/07/BM-Jazz-Voice-Req.-List-233.pdf	https://music.usc.edu/students/requirement-lists-courses-plans/
https://music.usc.edu/wp-content/uploads/2023/07/BM-MPCG-4-year-plan-ODD-20233.pdf	https://music.usc.edu/students/requirement-lists-courses-plans/
https://music.usc.edu/wp-content/uploads/2023/07/BM-MPDB-4-year-plan-20233.pdf	https://music.usc.edu/students/requirement-lists-courses-plans/
https://music.usc.edu/wp-content/uploads/2023/07/BM-MPHP-4-year-plan-20233.pdf	https://music.usc.edu/students/requirement-lists-courses-plans/
https://music.usc.edu/wp-content/uploads/2023/07/BM-MPOR-4-year-plan-20233.pdf	https://music.usc.edu/students/requirement-lists-courses-plans/
https://music.usc.edu/wp-content/uploads/2023/07/BM-MPPI-4-year-plan-20233.pdf	https://music.usc.edu/students/requirement-lists-courses-plans/
https://music.usc.edu/wp-content/uploads/2023/07/BM-MPVA-Req.-List-233.pdf	https://music.usc.edu/students/requirement-lists-courses-plans/
https://music.usc.edu/wp-content/uploads/2023/07/BM-MPVL-MPCE-4-year-plan-ODD-20233.pdf	https://music.usc.edu/students/requirement-lists-courses-plans/
https://music.usc.edu/wp-content/uploads/2023/07/BM-MPVN-4-year-plan-ODD-20233.pdf	https://music.usc.edu/students/requirement-lists-courses-plans/
https://music.usc.edu/wp-content/uploads/2023/07/BM-MPWP-4-year-plan-20233.pdf	https://music.usc.edu/students/requirement-lists-courses-plans/
https://music.usc.edu/wp-content/uploads/2023/07/BM-MUCM-ODD-4-year-plan-20233.pdf	https://music.usc.edu/students/requirement-lists-courses-plans/
https://music.usc.edu/wp-content/uploads/2023/07/BM-MUCM-Req.-List-233.pdf	https://music.usc.edu/students/requirement-lists-courses-plans/
https://music.usc.edu/wp-content/uploads/2023/07/BM-MUCO-ODD-4-year-plan-20233.pdf	https://music.usc.edu/students/requirement-lists-courses-plans/
https://music.usc.edu/wp-content/uploads/2023/07/BM-MUCO-Req.-List-233.pdf	https://music.usc.edu/students/requirement-lists-courses-plans/
https://music.usc.edu/wp-content/uploads/2023/07/BM-Organ-Req.-List-233.pdf	https://music.usc.edu/students/requirement-lists-courses-plans/
https://music.usc.edu/wp-content/uploads/2023/07/BM-Piano-Req.-List-233.pdf	https://music.usc.edu/students/requirement-lists-courses-plans/
https://music.usc.edu/wp-content/uploads/2023/07/BM-Pop-Music-4-year-plan-20233.pdf	https://music.usc.edu/students/requirement-lists-courses-plans/
https://music.usc.edu/wp-content/uploads/2023/07/BM-Pop-Music-Req.-List-233.pdf	https://music.usc.edu/students/requirement-lists-courses-plans/
https://music.usc.edu/wp-content/uploads/2023/07/BM-Pop-Music-SONG-4-year-plan-20233.pdf	https://music.usc.edu/students/requirement-lists-courses-plans/
https://music.usc.edu/wp-content/uploads/2023/07/BM-Production-4-year-plan-20233.pdf	https://music.usc.edu/students/requirement-lists-courses-plans/
https://music.usc.edu/wp-content/uploads/2023/07/BM-Production-Req.-List-233.pdf	https://music.usc.edu/students/requirement-lists-courses-plans/
https://music.usc.edu/wp-content/uploads/2023/07/BM-Viola-Violoncello-Req.-List-233.pdf	https://music.usc.edu/students/requirement-lists-courses-plans/
https://music.usc.edu/wp-content/uploads/2023/07/BM-Violin-Req.-List-233.pdf	https://music.usc.edu/students/requirement-lists-courses-plans/
https://music.usc.edu/wp-content/uploads/2023/07/BM-Wind-Percussion-Req.-List-233.pdf	https://music.usc.edu/students/requirement-lists-courses-plans/
https://music.usc.edu/wp-content/uploads/2023/07/BS-MUIN-4-year-plan-20233.pdf	https://music.usc.edu/students/requirement-lists-courses-plans/
https://music.usc.edu/wp-content/uploads/2023/07/BS-Music-Industry-Req.-List-233-1.pdf	https://music.usc.edu/students/requirement-lists-courses-plans/
https://music.usc.edu/wp-content/uploads/2023/07/GCRT-Req.-Ensemble-List-20233.pdf	https://music.usc.edu/students/requirement-lists-courses-plans/
https://music.usc.edu/wp-content/uploads/2023/07/GCRT-Req.-List-20233.pdf	https://music.usc.edu/students/requirement-lists-courses-plans/
https://music.usc.edu/wp-content/uploads/2023/07/MA-MUEM-Req-List-20233.pdf	https://music.usc.edu/students/requirement-lists-courses-plans/
https://music.usc.edu/wp-content/uploads/2023/07/MM-MPCG-Req.-List-20233.pdf	https://music.usc.edu/students/requirement-lists-courses-plans/
https://music.usc.edu/wp-content/uploads/2023/07/MM-MPOR-Req.-List-20233.pdf	https://music.usc.edu/students/requirement-lists-courses-plans/
https://music.usc.edu/wp-content/uploads/2023/07/MM-MPPI-Req.-List-20233.pdf	https://music.usc.edu/students/requirement-lists-courses-plans/
https://music.usc.edu/wp-content/uploads/2023/07/MM-MPSG-Req-List-20233.pdf	https://music.usc.edu/students/requirement-lists-courses-plans/
https://music.usc.edu/wp-content/uploads/2023/07/MM-MPVA-Req-List-20233.pdf	https://music.usc.edu/students/requirement-lists-courses-plans/
https://music.usc.edu/wp-content/uploads/2023/07/MM-MTAL-Req-List-20233.pdf	https://music.usc.edu/students/requirement-lists-courses-plans/
https://music.usc.edu/wp-content/uploads/2023/07/MM-MUCM-Req-List-20233.pdf	https://music.usc.edu/students/requirement-lists-courses-plans/
https://music.usc.edu/wp-content/uploads/2023/07/MM-MUCO-Req-List-20233.pdf	https://music.usc.edu/students/requirement-lists-courses-plans/
https://music.usc.edu/wp-content/uploads/2023/07/MM-MUJZ-Req-List-20233.pdf	https://music.usc.edu/students/requirement-lists-courses-plans/
https://music.usc.edu/wp-content/uploads/2023/10/BM-Classical-Guitar-Req.-List-233.pdf	https://music.usc.edu/students/requirement-lists-courses-plans/
https://music.usc.edu/wp-content/uploads/2024/05/BM-Classical-Guitar-Req.-List-243.pdf	https://music.usc.edu/students/requirement-lists-courses-plans/
https://music.usc.edu/wp-content/uploads/2024/05/BM-Double-Bass-Req.-List-243.pdf	https://music.usc.edu/students/requirement-lists-courses-plans/
https://music.usc.edu/wp-content/uploads/2024/05/BM-Harp-Req.-List-243.pdf	https://music.usc.edu/students/requirement-lists-courses-plans/
https://music.usc.edu/wp-content/uploads/2024/05/BM-Jazz-4-year-plan-20243.pdf	https://music.usc.edu/students/requirement-lists-courses-plans/
https://music.usc.edu/wp-content/uploads/2024/05/BM-Jazz-Guitar-4-year-plan-EVEN-20243.pdf	https://music.usc.edu/students/requirement-lists-courses-plans/
https://music.usc.edu/wp-content/uploads/2024/05/BM-Jazz-Guitar-Req.-List-243.pdf	https://music.usc.edu/students/requirement-lists-courses-plans/
https://music.usc.edu/wp-content/uploads/2024/05/BM-Jazz-Req.-List-243.pdf	https://music.usc.edu/students/requirement-lists-courses-plans/
https://music.usc.edu/wp-content/uploads/2024/05/BM-Jazz-Voice-4-year-plan-EVEN-20243.pdf	https://music.usc.edu/students/requirement-lists-courses-plans/
https://music.usc.edu/wp-content/uploads/2024/05/BM-Jazz-Voice-Req.-List-243.pdf	https://music.usc.edu/students/requirement-lists-courses-plans/
https://music.usc.edu/wp-content/uploads/2024/05/BM-MPCG-4-year-plan-EVEN-20243.pdf	https://music.usc.edu/students/requirement-lists-courses-plans/
https://music.usc.edu/wp-content/uploads/2024/05/BM-MPDB-4-year-plan-20243.pdf	https://music.usc.edu/students/requirement-lists-courses-plans/
https://music.usc.edu/wp-content/uploads/2024/05/BM-MPHP-4-year-plan-20243.pdf	https://music.usc.edu/students/requirement-lists-courses-plans/
https://music.usc.edu/wp-content/uploads/2024/05/BM-MPOR-4-year-plan-20243.pdf	https://music.usc.edu/students/requirement-lists-courses-plans/
https://music.usc.edu/wp-content/uploads/2024/05/BM-MPPI-4-year-plan-20243.pdf	https://music.usc.edu/students/requirement-lists-courses-plans/
https://music.usc.edu/wp-content/uploads/2024/05/BM-MPVA-4-year-plan-20243.pdf	https://music.usc.edu/students/requirement-lists-courses-plans/
https://music.usc.edu/wp-content/uploads/2024/05/BM-MPVA-Req.-List-243.pdf	https://music.usc.edu/students/requirement-lists-courses-plans/
https://music.usc.edu/wp-content/uploads/2024/05/BM-MPVL-MPCE-4-year-plan-EVEN-20243.pdf	https://music.usc.edu/students/requirement-lists-courses-plans/
https://music.usc.edu/wp-content/uploads/2024/05/BM-MPVN-4-year-plan-EVEN-20243.pdf	https://music.usc.edu/students/requirement-lists-courses-plans/
https://music.usc.edu/wp-content/uploads/2024/05/BM-MPWP-4-year-plan-20243.pdf	https://music.usc.edu/students/requirement-lists-courses-plans/
https://music.usc.edu/wp-content/uploads/2024/05/BM-MUCM-EVEN-4-year-plan-20243.pdf	https://music.usc.edu/students/requirement-lists-courses-plans/
https://music.usc.edu/wp-content/uploads/2024/05/BM-MUCM-Req.-List-243.pdf	https://music.usc.edu/students/requirement-lists-courses-plans/
https://music.usc.edu/wp-content/uploads/2024/05/BM-MUCO-EVEN-4-year-plan-20243.pdf	https://music.usc.edu/students/requirement-lists-courses-plans/
https://music.usc.edu/wp-content/uploads/2024/05/BM-MUCO-Req.-List-243.pdf	https://music.usc.edu/students/requirement-lists-courses-plans/
https://music.usc.edu/wp-content/uploads/2024/05/BM-Organ-Req.-List-243.pdf	https://music.usc.edu/students/requirement-lists-courses-plans/
https://music.usc.edu/wp-content/uploads/2024/05/BM-Piano-Req.-List-243.pdf	https://music.usc.edu/students/requirement-lists-courses-plans/
https://music.usc.edu/wp-content/uploads/2024/05/BM-Pop-Music-4-year-plan-20243.pdf	https://music.usc.edu/students/requirement-lists-courses-plans/
https://music.usc.edu/wp-content/uploads/2024/05/BM-Pop-Music-Req.-List-243.pdf	https://music.usc.edu/students/requirement-lists-courses-plans/
https://music.usc.edu/wp-content/uploads/2024/05/BM-Production-4-year-plan-20243.pdf	https://music.usc.edu/students/requirement-lists-courses-plans/
https://music.usc.edu/wp-content/uploads/2024/05/BM-Production-Req.-List-243.pdf	https://music.usc.edu/students/requirement-lists-courses-plans/
https://music.usc.edu/wp-content/uploads/2024/05/BM-Viola-Violoncello-Req.-List-243.pdf	https://music.usc.edu/students/requirement-lists-courses-plans/
https://music.usc.edu/wp-content/uploads/2024/05/BM-Violin-Req.-List-243.pdf	https://music.usc.edu/students/requirement-lists-courses-plans/
https://music.usc.edu/wp-content/uploads/2024/05/BM-Wind-Percussion-Req.-List-243.pdf	https://music.usc.edu/students/requirement-lists-courses-plans/
https://music.usc.edu/wp-content/uploads/2024/05/BS-MUIN-4-year-plan-20243.pdf	https://music.usc.edu/students/requirement-lists-courses-plans/
https://music.usc.edu/wp-content/uploads/2024/05/BS-Music-Industry-Req.-List-243.pdf	https://music.usc.edu/students/requirement-lists-courses-plans/
https://music.usc.edu/wp-content/uploads/2024/06/BM-Pop-Music-SONG-4-year-plan-20243.pdf	https://music.usc.edu/students/requirement-lists-courses-plans/
https://music.usc.edu/wp-content/uploads/2025/04/DMA_Classical-Guitar_MPGU-23-24.pdf	https://music.usc.edu/students/requirement-lists-courses-plans/
https://music.usc.edu/wp-content/uploads/2025/04/DMA_Classical-Guitar_MPGU-24-25.pdf	https://music.usc.edu/students/requirement-lists-courses-plans/
https://music.usc.edu/wp-content/uploads/2025/04/DMA_JAZZ-23-24.pdf	https://music.usc.edu/students/requirement-lists-courses-plans/
https://music.usc.edu/wp-content/uploads/2025/04/DMA_JAZZ-24-25.pdf	https://music.usc.edu/students/requirement-lists-courses-plans/
https://music.usc.edu/wp-content/uploads/2025/04/DMA_KCA-22-23.pdf	https://music.usc.edu/students/requirement-lists-courses-plans/
https://music.usc.edu/wp-content/uploads/2025/04/DMA_KCA-23-24.pdf	https://music.usc.edu/students/requirement-lists-courses-plans/
https://music.usc.edu/wp-content/uploads/2025/04/DMA_KCA-24-25.pdf	https://music.usc.edu/students/requirement-lists-courses-plans/
https://music.usc.edu/wp-content/uploads/2025/04/DMA_MPOR-24-25.pdf	https://music.usc.edu/students/requirement-lists-courses-plans/
https://music.usc.edu/wp-content/uploads/2025/04/DMA_MPOR-MPVA-MPWP-23-24-2.pdf	https://music.usc.edu/students/requirement-lists-courses-plans/
https://music.usc.edu/wp-content/uploads/2025/04/DMA_MPPI-23-24.pdf	https://music.usc.edu/students/requirement-lists-courses-plans/
https://music.usc.edu/wp-content/uploads/2025/04/DMA_MPPI-24-25.pdf	https://music.usc.edu/students/requirement-lists-courses-plans/
https://music.usc.edu/wp-content/uploads/2025/04/DMA_MPST-23-24.pdf	https://music.usc.edu/students/requirement-lists-courses-plans/
https://music.usc.edu/wp-content/uploads/2025/04/DMA_MPST-24-25.pdf	https://music.usc.edu/students/requirement-lists-courses-plans/
https://music.usc.edu/wp-content/uploads/2025/04/DMA_MPVA-24-25.pdf	https://music.usc.edu/students/requirement-lists-courses-plans/
https://music.usc.edu/wp-content/uploads/2025/04/DMA_MPWP-24-25.pdf	https://music.usc.edu/students/requirement-lists-courses-plans/
https://music.usc.edu/wp-content/uploads/2025/04/DMA_MSCR-23-24.pdf	https://music.usc.edu/students/requirement-lists-courses-plans/
https://music.usc.edu/wp-content/uploads/2025/04/DMA_MSCR-24-25.pdf	https://music.usc.edu/students/requirement-lists-courses-plans/
https://music.usc.edu/wp-content/uploads/2025/04/DMA_MTAL-23-24.pdf	https://music.usc.edu/students/requirement-lists-courses-plans/
https://music.usc.edu/wp-content/uploads/2025/04/DMA_MTAL-24-25.pdf	https://music.usc.edu/students/requirement-lists-courses-plans/
https://music.usc.edu/wp-content/uploads/2025/04/DMA_MUCM-23-24.pdf	https://music.usc.edu/students/requirement-lists-courses-plans/
https://music.usc.edu/wp-content/uploads/2025/04/DMA_MUCM-24-25.pdf	https://music.usc.edu/students/requirement-lists-courses-plans/
https://music.usc.edu/wp-content/uploads/2025/04/DMA_MUCO-23-24.pdf	https://music.usc.edu/students/requirement-lists-courses-plans/
https://music.usc.edu/wp-content/uploads/2025/04/DMA_MUCO-24-25.pdf	https://music.usc.edu/students/requirement-lists-courses-plans/
https://music.usc.edu/wp-content/uploads/2025/04/DMA_MUEM-23-24.pdf	https://music.usc.edu/students/requirement-lists-courses-plans/
https://music.usc.edu/wp-content/uploads/2025/04/DMA_MUEM-24-25.pdf	https://music.usc.edu/students/requirement-lists-courses-plans/
https://music.usc.edu/wp-content/uploads/2025/04/DMA_Studio-Guitar_MPSG-23-24-1.pdf	https://music.usc.edu/students/requirement-lists-courses-plans/
https://music.usc.edu/wp-content/uploads/2025/04/DMA_Studio-Guitar_MPSG-24-25.pdf	https://music.usc.edu/students/requirement-lists-courses-plans/
https://music.usc.edu/wp-content/uploads/2025/04/GCRT-ARTL-Req-List-20233.pdf	https://music.usc.edu/students/requirement-lists-courses-plans/
https://music.usc.edu/wp-content/uploads/2025/04/GCRT-ARTL-Req-List-20243.pdf	https://music.usc.edu/students/requirement-lists-courses-plans/
https://music.usc.edu/wp-content/uploads/2025/04/MM-MPKA-Req.-List-20233.pdf	https://music.usc.edu/students/requirement-lists-courses-plans/
https://music.usc.edu/wp-content/uploads/2025/04/MM-MPKA-Req.-List-20243.pdf	https://music.usc.edu/students/requirement-lists-courses-plans/
https://music.usc.edu/wp-content/uploads/2025/04/MM-MPST-Double-Bass-Req.-List-20233.pdf	https://music.usc.edu/students/requirement-lists-courses-plans/
https://music.usc.edu/wp-content/uploads/2025/04/MM-MPST-Double-Bass-Req.-List-20243.pdf	https://music.usc.edu/students/requirement-lists-courses-plans/
https://music.usc.edu/wp-content/uploads/2025/04/MM-MPST-MPHP-MPCE-MPVL-MPVN-Req.-List-20233.pdf	https://music.usc.edu/students/requirement-lists-courses-plans/
https://music.usc.edu/wp-content/uploads/2025/04/MM-MPST-MPHP-MPCE-MPVL-MPVN-Req.-List-20243.pdf	https://music.usc.edu/students/requirement-lists-courses-plans/
https://music.usc.edu/wp-content/uploads/2025/04/MM-MPWP-Req-List-20233-1.pdf	https://music.usc.edu/students/requirement-lists-courses-plans/
https://music.usc.edu/wp-content/uploads/2025/04/MM-MPWP-Req-List-20243.pdf	https://music.usc.edu/students/requirement-lists-courses-plans/
https://music.usc.edu/wp-content/uploads/2025/04/MM-MTCM-Req-List-20213.pdf	https://music.usc.edu/students/requirement-lists-courses-plans/
https://music.usc.edu/wp-content/uploads/2025/04/MM-MTCM-Req-List-20233.pdf	https://music.usc.edu/students/requirement-lists-courses-plans/
https://music.usc.edu/wp-content/uploads/2025/04/MM-MTPM-Req-List-20243.pdf	https://music.usc.edu/students/requirement-lists-courses-plans/
https://music.usc.edu/wp-content/uploads/2025/04/MM-SCOR-Req-List-20233.pdf	https://music.usc.edu/students/requirement-lists-courses-plans/
https://music.usc.edu/wp-content/uploads/2025/04/MM-SCOR-Req-List-20243.pdf	https://music.usc.edu/students/requirement-lists-courses-plans/
https://music.usc.edu/wp-content/uploads/2025/04/MS-ARTL-Req-List-20233.pdf	https://music.usc.edu/students/requirement-lists-courses-plans/
https://music.usc.edu/wp-content/uploads/2025/04/MS-ARTL-Req-List-20243.pdf	https://music.usc.edu/students/requirement-lists-courses-plans/
https://music.usc.edu/wp-content/uploads/2025/04/MS-MUIN-Req-List-20233.pdf	https://music.usc.edu/students/requirement-lists-courses-plans/
https://music.usc.edu/wp-content/uploads/2025/04/MS-MUIN-Req-List-20243.pdf	https://music.usc.edu/students/requirement-lists-courses-plans/
https://music.usc.edu/wp-content/uploads/2025/04/MSCR-2015-Req.-List-02-to-present-1.pdf	https://music.usc.edu/students/requirement-lists-courses-plans/
https://music.usc.edu/wp-content/uploads/2025/05/BM-Classical-Guitar-Req.-List-253.pdf	https://music.usc.edu/students/requirement-lists-courses-plans/
https://music.usc.edu/wp-content/uploads/2025/05/BM-Double-Bass-Req.-List-253.pdf	https://music.usc.edu/students/requirement-lists-courses-plans/
https://music.usc.edu/wp-content/uploads/2025/05/BM-Harp-Req.-List-253.pdf	https://music.usc.edu/students/requirement-lists-courses-plans/
https://music.usc.edu/wp-content/uploads/2025/05/BM-Jazz-4-year-plan-20253.pdf	https://music.usc.edu/students/requirement-lists-courses-plans/
https://music.usc.edu/wp-content/uploads/2025/05/BM-Jazz-Guitar-Req.-List-253.pdf	https://music.usc.edu/students/requirement-lists-courses-plans/
https://music.usc.edu/wp-content/uploads/2025/05/BM-Jazz-Req.-List-253.pdf	https://music.usc.edu/students/requirement-lists-courses-plans/
https://music.usc.edu/wp-content/uploads/2025/05/BM-Jazz-Voice-4-year-plan-ODD-20253.pdf	https://music.usc.edu/students/requirement-lists-courses-plans/
https://music.usc.edu/wp-content/uploads/2025/05/BM-Jazz-Voice-Req.-List-253.pdf	https://music.usc.edu/students/requirement-lists-courses-plans/
https://music.usc.edu/wp-content/uploads/2025/05/BM-MPCG-4-year-plan-ODD-20253.pdf	https://music.usc.edu/students/requirement-lists-courses-plans/
https://music.usc.edu/wp-content/uploads/2025/05/BM-MPDB-4-year-plan-20253.pdf	https://music.usc.edu/students/requirement-lists-courses-plans/
https://music.usc.edu/wp-content/uploads/2025/05/BM-MPHP-4-year-plan-20253.pdf	https://music.usc.edu/students/requirement-lists-courses-plans/
https://music.usc.edu/wp-content/uploads/2025/05/BM-MPOR-4-year-plan-20253.pdf	https://music.usc.edu/students/requirement-lists-courses-plans/
https://music.usc.edu/wp-content/uploads/2025/05/BM-MPPI-4-year-plan-20253.pdf	https://music.usc.edu/students/requirement-lists-courses-plans/
https://music.usc.edu/wp-content/uploads/2025/05/BM-MPVA-4-year-plan-20253.pdf	https://music.usc.edu/students/requirement-lists-courses-plans/
https://music.usc.edu/wp-content/uploads/2025/05/BM-MPVA-Req.-List-253.pdf	https://music.usc.edu/students/requirement-lists-courses-plans/
https://music.usc.edu/wp-content/uploads/2025/05/BM-MPVL-MPCE-4-year-plan-ODD-20253.pdf	https://music.usc.edu/students/requirement-lists-courses-plans/
https://music.usc.edu/wp-content/uploads/2025/05/BM-MPVN-4-year-plan-ODD-20253.pdf	https://music.usc.edu/students/requirement-lists-courses-plans/
https://music.usc.edu/wp-content/uploads/2025/05/BM-MPWP-4-year-plan-20253.pdf	https://music.usc.edu/students/requirement-lists-courses-plans/
https://music.usc.edu/wp-content/uploads/2025/05/BM-MUCM-ODD-4-year-plan-20253.pdf	https://music.usc.edu/students/requirement-lists-courses-plans/
https://music.usc.edu/wp-content/uploads/2025/05/BM-MUCM-Req.-List-253.pdf	https://music.usc.edu/students/requirement-lists-courses-plans/
https://music.usc.edu/wp-content/uploads/2025/05/BM-MUCO-ODD-4-year-plan-20253.pdf	https://music.usc.edu/students/requirement-lists-courses-plans/
https://music.usc.edu/wp-content/uploads/2025/05/BM-MUCO-Req.-List-253.pdf	https://music.usc.edu/students/requirement-lists-courses-plans/
https://music.usc.edu/wp-content/uploads/2025/05/BM-Organ-Req.-List-253.pdf	https://music.usc.edu/students/requirement-lists-courses-plans/
https://music.usc.edu/wp-content/uploads/2025/05/BM-Piano-Req.-List-253.pdf	https://music.usc.edu/students/requirement-lists-courses-plans/
https://music.usc.edu/wp-content/uploads/2025/05/BM-Pop-Music-4-year-plan-20253.pdf	https://music.usc.edu/students/requirement-lists-courses-plans/
https://music.usc.edu/wp-content/uploads/2025/05/BM-Pop-Music-Req.-List-253.pdf	https://music.usc.edu/students/requirement-lists-courses-plans/
https://music.usc.edu/wp-content/uploads/2025/05/BM-Production-Req.-List-253.pdf	https://music.usc.edu/students/requirement-lists-courses-plans/
https://music.usc.edu/wp-content/uploads/2025/05/BM-Viola-Violoncello-Req.-List-253.pdf	https://music.usc.edu/students/requirement-lists-courses-plans/
https://music.usc.edu/wp-content/uploads/2025/05/BM-Violin-Req.-List-253.pdf	https://music.usc.edu/students/requirement-lists-courses-plans/
https://music.usc.edu/wp-content/uploads/2025/05/BM-Wind-Percussion-Req.-List-253.pdf	https://music.usc.edu/students/requirement-lists-courses-plans/
https://music.usc.edu/wp-content/uploads/2025/05/BS-MUIN-4-year-plan-20253.pdf	https://music.usc.edu/students/requirement-lists-courses-plans/
https://music.usc.edu/wp-content/uploads/2025/05/BS-Music-Industry-Req.-List-253.pdf	https://music.usc.edu/students/requirement-lists-courses-plans/
https://music.usc.edu/wp-content/uploads/2025/06/BM-Production-4-year-plan-20253.pdf	https://music.usc.edu/students/requirement-lists-courses-plans/
https://music.usc.edu/wp-content/uploads/2025/07/DMA_Classical-Guitar_MPGU-25-26.pdf	https://music.usc.edu/students/requirement-lists-courses-plans/
https://music.usc.edu/wp-content/uploads/2025/07/DMA_JAZZ-25-26.pdf	https://music.usc.edu/students/requirement-lists-courses-plans/
https://music.usc.edu/wp-content/uploads/2025/07/DMA_MPOR-25-26.pdf	https://music.usc.edu/students/requirement-lists-courses-plans/
https://music.usc.edu/wp-content/uploads/2025/07/DMA_MPPI-25-26.pdf	https://music.usc.edu/students/requirement-lists-courses-plans/
https://music.usc.edu/wp-content/uploads/2025/07/DMA_MPST-25-26.pdf	https://music.usc.edu/students/requirement-lists-courses-plans/
https://music.usc.edu/wp-content/uploads/2025/07/DMA_MPVA-25-26.pdf	https://music.usc.edu/students/requirement-lists-courses-plans/
https://music.usc.edu/wp-content/uploads/2025/07/DMA_MPWP-25-26.pdf	https://music.usc.edu/students/requirement-lists-courses-plans/
https://music.usc.edu/wp-content/uploads/2025/07/DMA_MSCR-25-26.pdf	https://music.usc.edu/students/requirement-lists-courses-plans/
https://music.usc.edu/wp-content/uploads/2025/07/DMA_MTAL-25-26.pdf	https://music.usc.edu/students/requirement-lists-courses-plans/
https://music.usc.edu/wp-content/uploads/2025/07/DMA_MUCM-25-26.pdf	https://music.usc.edu/students/requirement-lists-courses-plans/
https://music.usc.edu/wp-content/uploads/2025/07/DMA_MUCO-25-26.pdf	https://music.usc.edu/students/requirement-lists-courses-plans/
https://music.usc.edu/wp-content/uploads/2025/07/DMA_MUEM-25-26.pdf	https://music.usc.edu/students/requirement-lists-courses-plans/
https://music.usc.edu/wp-content/uploads/2025/07/DMA_Studio-Guitar_MPSG-25-26.pdf	https://music.usc.edu/students/requirement-lists-courses-plans/
https://music.usc.edu/wp-content/uploads/2025/07/GCRT-ARTL-Req-List-20253.pdf	https://music.usc.edu/students/requirement-lists-courses-plans/
https://music.usc.edu/wp-content/uploads/2025/07/GCRT-Req.-Ensemble-List-20253.pdf	https://music.usc.edu/students/requirement-lists-courses-plans/
https://music.usc.edu/wp-content/uploads/2025/07/GCRT-Req.-List-20253.pdf	https://music.usc.edu/students/requirement-lists-courses-plans/
https://music.usc.edu/wp-content/uploads/2025/07/MA-MUEM-Req-List-20253.pdf	https://music.usc.edu/students/requirement-lists-courses-plans/
https://music.usc.edu/wp-content/uploads/2025/07/MM-MPCG-Req.-List-20253.pdf	https://music.usc.edu/students/requirement-lists-courses-plans/
https://music.usc.edu/wp-content/uploads/2025/07/MM-MPKA-Req.-List-20253-1.pdf	https://music.usc.edu/students/requirement-lists-courses-plans/
https://music.usc.edu/wp-content/uploads/2025/07/MM-MPOR-Req.-List-20253.pdf	https://music.usc.edu/students/requirement-lists-courses-plans/
https://music.usc.edu/wp-content/uploads/2025/07/MM-MPPI-Req.-List-20253.pdf	https://music.usc.edu/students/requirement-lists-courses-plans/
https://music.usc.edu/wp-content/uploads/2025/07/MM-MPSG-Req-List-20253.pdf	https://music.usc.edu/students/requirement-lists-courses-plans/
https://music.usc.edu/wp-content/uploads/2025/07/MM-MPST-Double-Bass-Req.-List-20253.pdf	https://music.usc.edu/students/requirement-lists-courses-plans/
https://music.usc.edu/wp-content/uploads/2025/07/MM-MPST-MPHP-MPCE-MPVL-MPVN-Req.-List-20253.pdf	https://music.usc.edu/students/requirement-lists-courses-plans/
https://music.usc.edu/wp-content/uploads/2025/07/MM-MPVA-Req-List-20253.pdf	https://music.usc.edu/students/requirement-lists-courses-plans/
https://music.usc.edu/wp-content/uploads/2025/07/MM-MPWP-Req-List-20253.pdf	https://music.usc.edu/students/requirement-lists-courses-plans/
https://music.usc.edu/wp-content/uploads/2025/07/MM-MTAL-Req-List-20253.pdf	https://music.usc.edu/students/requirement-lists-courses-plans/
https://music.usc.edu/wp-content/uploads/2025/07/MM-MTCM-Req-List-20223.pdf	https://music.usc.edu/students/requirement-lists-courses-plans/
https://music.usc.edu/wp-content/uploads/2025/07/MM-MTPM-Req-List-20253.pdf	https://music.usc.edu/students/requirement-lists-courses-plans/
https://music.usc.edu/wp-content/uploads/2025/07/MM-MUCM-Req-List-20253.pdf	https://music.usc.edu/students/requirement-lists-courses-plans/
https://music.usc.edu/wp-content/uploads/2025/07/MM-MUCO-Req-List-20253.pdf	https://music.usc.edu/students/requirement-lists-courses-plans/
https://music.usc.edu/wp-content/uploads/2025/07/MM-MUJZ-Comp-Track-Req-List-20243.pdf	https://music.usc.edu/students/requirement-lists-courses-plans/
https://music.usc.edu/wp-content/uploads/2025/07/MM-MUJZ-Comp-Track-Req-List-20253.pdf	https://music.usc.edu/students/requirement-lists-courses-plans/
https://music.usc.edu/wp-content/uploads/2025/07/MM-MUJZ-Req-List-20253.pdf	https://music.usc.edu/students/requirement-lists-courses-plans/
https://music.usc.edu/wp-content/uploads/2025/07/MM-SCOR-Req-List-20253.pdf	https://music.usc.edu/students/requirement-lists-courses-plans/
https://music.usc.edu/wp-content/uploads/2025/07/MS-MUIN-Req-List-20253.pdf	https://music.usc.edu/students/requirement-lists-courses-plans/
https://music.usc.edu/wp-content/uploads/2025/08/BM-Jazz-Guitar-4-year-plan-ODD-20253.pdf	https://music.usc.edu/students/requirement-lists-courses-plans/
https://music.usc.edu/wp-content/uploads/2026/04/BM-Pop-Music-SONG-4-year-plan-20253.pdf	https://music.usc.edu/students/requirement-lists-courses-plans/
https://music.usc.edu/wp-content/uploads/2026/05/BM-Classical-Guitar-Req.-List-263.pdf	https://music.usc.edu/students/requirement-lists-courses-plans/
https://music.usc.edu/wp-content/uploads/2026/05/BM-Double-Bass-Req.-List-263.pdf	https://music.usc.edu/students/requirement-lists-courses-plans/
https://music.usc.edu/wp-content/uploads/2026/05/BM-Harp-Req.-List-263.pdf	https://music.usc.edu/students/requirement-lists-courses-plans/
https://music.usc.edu/wp-content/uploads/2026/05/BM-Jazz-4-year-plan-20263.pdf	https://music.usc.edu/students/requirement-lists-courses-plans/
https://music.usc.edu/wp-content/uploads/2026/05/BM-Jazz-Guitar-4-year-plan-EVEN-20263.pdf	https://music.usc.edu/students/requirement-lists-courses-plans/
https://music.usc.edu/wp-content/uploads/2026/05/BM-Jazz-Guitar-4-year-plan-ODD-20233.pdf	https://music.usc.edu/students/requirement-lists-courses-plans/
https://music.usc.edu/wp-content/uploads/2026/05/BM-Jazz-Guitar-Req.-List-263.pdf	https://music.usc.edu/students/requirement-lists-courses-plans/
https://music.usc.edu/wp-content/uploads/2026/05/BM-Jazz-Req.-List-263.pdf	https://music.usc.edu/students/requirement-lists-courses-plans/
https://music.usc.edu/wp-content/uploads/2026/05/BM-Jazz-Voice-4-year-plan-EVEN-20263.pdf	https://music.usc.edu/students/requirement-lists-courses-plans/
https://music.usc.edu/wp-content/uploads/2026/05/BM-Jazz-Voice-Req.-List-263.pdf	https://music.usc.edu/students/requirement-lists-courses-plans/
https://music.usc.edu/wp-content/uploads/2026/05/BM-MPCG-4-year-plan-EVEN-20263.pdf	https://music.usc.edu/students/requirement-lists-courses-plans/
https://music.usc.edu/wp-content/uploads/2026/05/BM-MPDB-4-year-plan-20263.pdf	https://music.usc.edu/students/requirement-lists-courses-plans/
https://music.usc.edu/wp-content/uploads/2026/05/BM-MPHP-4-year-plan-20263.pdf	https://music.usc.edu/students/requirement-lists-courses-plans/
https://music.usc.edu/wp-content/uploads/2026/05/BM-MPPI-4-year-plan-EVEN-20263.pdf	https://music.usc.edu/students/requirement-lists-courses-plans/
https://music.usc.edu/wp-content/uploads/2026/05/BM-MPVA-4-year-plan-20233.pdf	https://music.usc.edu/students/requirement-lists-courses-plans/
https://music.usc.edu/wp-content/uploads/2026/05/BM-MPVA-4-year-plan-EVEN-20263.pdf	https://music.usc.edu/students/requirement-lists-courses-plans/
https://music.usc.edu/wp-content/uploads/2026/05/BM-MPVA-Req.-List-263.pdf	https://music.usc.edu/students/requirement-lists-courses-plans/
https://music.usc.edu/wp-content/uploads/2026/05/BM-MPVL-MPCE-4-year-plan-EVEN-20263.pdf	https://music.usc.edu/students/requirement-lists-courses-plans/
https://music.usc.edu/wp-content/uploads/2026/05/BM-MPVN-4-year-plan-EVEN-20263.pdf	https://music.usc.edu/students/requirement-lists-courses-plans/
https://music.usc.edu/wp-content/uploads/2026/05/BM-MPWP-4-year-plan-20263.pdf	https://music.usc.edu/students/requirement-lists-courses-plans/
https://music.usc.edu/wp-content/uploads/2026/05/BM-MUCM-EVEN-4-year-plan-20263.pdf	https://music.usc.edu/students/requirement-lists-courses-plans/
https://music.usc.edu/wp-content/uploads/2026/05/BM-MUCM-Req.-List-263.pdf	https://music.usc.edu/students/requirement-lists-courses-plans/
https://music.usc.edu/wp-content/uploads/2026/05/BM-MUCO-EVEN-4-year-plan-20263.pdf	https://music.usc.edu/students/requirement-lists-courses-plans/
https://music.usc.edu/wp-content/uploads/2026/05/BM-MUCO-Req.-List-263.pdf	https://music.usc.edu/students/requirement-lists-courses-plans/
https://music.usc.edu/wp-content/uploads/2026/05/BM-Piano-Req.-List-263.pdf	https://music.usc.edu/students/requirement-lists-courses-plans/
https://music.usc.edu/wp-content/uploads/2026/05/BM-Pop-Music-4-year-plan-20263.pdf	https://music.usc.edu/students/requirement-lists-courses-plans/
https://music.usc.edu/wp-content/uploads/2026/05/BM-Pop-Music-Req.-List-263.pdf	https://music.usc.edu/students/requirement-lists-courses-plans/
https://music.usc.edu/wp-content/uploads/2026/05/BM-Pop-Music-SONG-4-year-plan-20263.pdf	https://music.usc.edu/students/requirement-lists-courses-plans/
https://music.usc.edu/wp-content/uploads/2026/05/BM-Production-4-year-plan-20263.pdf	https://music.usc.edu/students/requirement-lists-courses-plans/
https://music.usc.edu/wp-content/uploads/2026/05/BM-Production-Req.-List-263.pdf	https://music.usc.edu/students/requirement-lists-courses-plans/
https://music.usc.edu/wp-content/uploads/2026/05/BM-Viola-Violoncello-Req.-List-263.pdf	https://music.usc.edu/students/requirement-lists-courses-plans/
https://music.usc.edu/wp-content/uploads/2026/05/BM-Violin-Req.-List-263.pdf	https://music.usc.edu/students/requirement-lists-courses-plans/
https://music.usc.edu/wp-content/uploads/2026/05/BM-Wind-Percussion-Req.-List-263.pdf	https://music.usc.edu/students/requirement-lists-courses-plans/
https://music.usc.edu/wp-content/uploads/2026/05/BS-MUIN-4-year-plan-20263.pdf	https://music.usc.edu/students/requirement-lists-courses-plans/
https://music.usc.edu/wp-content/uploads/2026/05/BS-Music-Industry-Req.-List-263.pdf	https://music.usc.edu/students/requirement-lists-courses-plans/
https://music.usc.edu/wp-content/uploads/2026/07/DMA_JAZZ-26-27.pdf	https://music.usc.edu/students/requirement-lists-courses-plans/
https://music.usc.edu/wp-content/uploads/2026/07/DMA_KCA-26-27.pdf	https://music.usc.edu/students/requirement-lists-courses-plans/
https://music.usc.edu/wp-content/uploads/2026/07/DMA_MPGU-26-27.pdf	https://music.usc.edu/students/requirement-lists-courses-plans/
https://music.usc.edu/wp-content/uploads/2026/07/DMA_MPOR-26-27.pdf	https://music.usc.edu/students/requirement-lists-courses-plans/
https://music.usc.edu/wp-content/uploads/2026/07/DMA_MPOR-MPVA-MPWP-23-24.pdf	https://music.usc.edu/students/requirement-lists-courses-plans/
https://music.usc.edu/wp-content/uploads/2026/07/DMA_MPPI-26-27.pdf	https://music.usc.edu/students/requirement-lists-courses-plans/
https://music.usc.edu/wp-content/uploads/2026/07/DMA_MPSG-26-27.pdf	https://music.usc.edu/students/requirement-lists-courses-plans/
https://music.usc.edu/wp-content/uploads/2026/07/DMA_MPST-26-27.pdf	https://music.usc.edu/students/requirement-lists-courses-plans/
https://music.usc.edu/wp-content/uploads/2026/07/DMA_MPVA-26-27.pdf	https://music.usc.edu/students/requirement-lists-courses-plans/
https://music.usc.edu/wp-content/uploads/2026/07/DMA_MPWP-26-27.pdf	https://music.usc.edu/students/requirement-lists-courses-plans/
https://music.usc.edu/wp-content/uploads/2026/07/DMA_MSCR-26-27.pdf	https://music.usc.edu/students/requirement-lists-courses-plans/
https://music.usc.edu/wp-content/uploads/2026/07/DMA_MTAL-26-27.pdf	https://music.usc.edu/students/requirement-lists-courses-plans/
https://music.usc.edu/wp-content/uploads/2026/07/DMA_MUCM-26-27.pdf	https://music.usc.edu/students/requirement-lists-courses-plans/
https://music.usc.edu/wp-content/uploads/2026/07/DMA_MUCO-26-27.pdf	https://music.usc.edu/students/requirement-lists-courses-plans/
https://music.usc.edu/wp-content/uploads/2026/07/DMA_MUEM-26-27.pdf	https://music.usc.edu/students/requirement-lists-courses-plans/
https://music.usc.edu/wp-content/uploads/2026/07/GCRT-ARTL-Req-List-20263.pdf	https://music.usc.edu/students/requirement-lists-courses-plans/
https://music.usc.edu/wp-content/uploads/2026/07/GCRT-Req.-Ensemble-List-20263.pdf	https://music.usc.edu/students/requirement-lists-courses-plans/
https://music.usc.edu/wp-content/uploads/2026/07/GCRT-Req.-List-20263.pdf	https://music.usc.edu/students/requirement-lists-courses-plans/
https://music.usc.edu/wp-content/uploads/2026/07/MA-MUEM-Req-List-20263.pdf	https://music.usc.edu/students/requirement-lists-courses-plans/
https://music.usc.edu/wp-content/uploads/2026/07/MM-MPCG-Req.-List-20263.pdf	https://music.usc.edu/students/requirement-lists-courses-plans/
https://music.usc.edu/wp-content/uploads/2026/07/MM-MPKA-Req.-List-20263.pdf	https://music.usc.edu/students/requirement-lists-courses-plans/
https://music.usc.edu/wp-content/uploads/2026/07/MM-MPPI-Req.-List-20263.pdf	https://music.usc.edu/students/requirement-lists-courses-plans/
https://music.usc.edu/wp-content/uploads/2026/07/MM-MPSG-Req-List-20263.pdf	https://music.usc.edu/students/requirement-lists-courses-plans/
https://music.usc.edu/wp-content/uploads/2026/07/MM-MPST-Double-Bass-Req.-List-20263.pdf	https://music.usc.edu/students/requirement-lists-courses-plans/
https://music.usc.edu/wp-content/uploads/2026/07/MM-MPST-MPHP-MPCE-MPVL-MPVN-Req.-List-20263.pdf	https://music.usc.edu/students/requirement-lists-courses-plans/
https://music.usc.edu/wp-content/uploads/2026/07/MM-MPVA-Req-List-20263.pdf	https://music.usc.edu/students/requirement-lists-courses-plans/
https://music.usc.edu/wp-content/uploads/2026/07/MM-MPWP-Req-List-20263.pdf	https://music.usc.edu/students/requirement-lists-courses-plans/
https://music.usc.edu/wp-content/uploads/2026/07/MM-MTAL-Req-List-20263.pdf	https://music.usc.edu/students/requirement-lists-courses-plans/
https://music.usc.edu/wp-content/uploads/2026/07/MM-MTPM-Req-List-20263.pdf	https://music.usc.edu/students/requirement-lists-courses-plans/
https://music.usc.edu/wp-content/uploads/2026/07/MM-MUCM-Req-List-20263.pdf	https://music.usc.edu/students/requirement-lists-courses-plans/
https://music.usc.edu/wp-content/uploads/2026/07/MM-MUCO-Req-List-20263.pdf	https://music.usc.edu/students/requirement-lists-courses-plans/
https://music.usc.edu/wp-content/uploads/2026/07/MM-MUJZ-Comp-Track-Req-List-20263.pdf	https://music.usc.edu/students/requirement-lists-courses-plans/
https://music.usc.edu/wp-content/uploads/2026/07/MM-MUJZ-Req-List-20263.pdf	https://music.usc.edu/students/requirement-lists-courses-plans/
https://music.usc.edu/wp-content/uploads/2026/07/MM-SCOR-Req-List-20263.pdf	https://music.usc.edu/students/requirement-lists-courses-plans/
https://music.usc.edu/wp-content/uploads/2026/07/MS-ARTL-Req-List-20263.pdf	https://music.usc.edu/students/requirement-lists-courses-plans/
https://music.usc.edu/wp-content/uploads/2026/07/MS-MUIN-Req-List-20263.pdf	https://music.usc.edu/students/requirement-lists-courses-plans/
https://music.yale.edu/sites/default/files/2020-09/equipment%20guide%20and%20software%20recommendations_fnl.pdf	https://music.yale.edu/how-apply
https://music.yale.edu/sites/default/files/2020-09/make%20a%20prescreening%20video_0.pdf	https://music.yale.edu/how-apply
https://music.yale.edu/sites/default/files/2024-08/DMA_Exam%20Sample_%202017.pdf	https://music.yale.edu/how-apply
https://www.music.indiana.edu/doc/admissions/voice/star-vicino-bb.pdf	https://www.music.indiana.edu/admissions/auditions/voice.html
https://www.music.indiana.edu/doc/admissions/voice/star-vicino-f.pdf	https://www.music.indiana.edu/admissions/auditions/voice.html
https://www.music.indiana.edu/doc/admissions/voice/star-vicino-g.pdf	https://www.music.indiana.edu/admissions/auditions/voice.html
https://www.music.indiana.edu/doc/admissions/voice/star-vivino-arietta-ab.pdf	https://www.music.indiana.edu/admissions/auditions/voice.html
http://www.dropbox.com/s/r847fnsyzndxmk5/Brown%20Spirituals%20for%20Bass.pdf?dl=0	https://www.oberlin.edu/admissions-and-aid/conservatory/auditions-and-interviews/strings
http://www.flutetunes.com/tunes/faure-morceau-de-concours.pdf	https://www.oberlin.edu/admissions-and-aid/conservatory/auditions-and-interviews/winds-brass-and-percussion
https://intlacac.memberclicks.net/assets/FinancialAidResources/International%20Student%20Application%20for%20Financial%20Assistance%202023.pdf	https://www.oberlin.edu/admissions-and-aid/conservatory/undergraduate-applicants
https://www.oberlin.edu/sites/default/files/2025-08/Common_App_Transfer_%2024-25_collegereport.pdf	https://www.oberlin.edu/admissions-and-aid/conservatory/undergraduate-applicants
https://intlacac.memberclicks.net/assets/FinancialAidResources/International%20Student%20Application%20for%20Financial%20Assistance%202023.pdf	https://www.oberlin.edu/admissions-and-aid/conservatory/undergraduate-conservatory-applicants
https://www.oberlin.edu/sites/default/files/2025-08/Common_App_Transfer_%2024-25_collegereport.pdf	https://www.oberlin.edu/admissions-and-aid/conservatory/undergraduate-conservatory-applicants
